BLAKE2b Checksum,Media Type
2dc257098baa337323e49a32db25e20e,application/CALS-1840
e68aac4097fe6fbd9fc3c512245dba77,application/CSTAdata+xml
e2eede0d89a6dc07ef31022843f7925d,application/EDI-X12
0e3c511af85f20d0ec792221ff11d221,application/EDI-consent
e79d2bf1aeaaad875d00755e7bd1bafa,application/EDIFACT
dd72f864c2379733700da0488215505c,application/EmergencyCallData.cap+xml
eb0cd30490bf343dc7752a01a2ceceb7,application/ISUP
1982800863a835de5e22377890d47a3d,application/ODA
130792341365c4c978138e4b00e438a1,application/QSIG
31f96158e37a374846e075beb3756b0e,application/SGML
f8c619d6e6d2301854d548724e86ecc6,application/activemessage
4e830149e7da7c7e44d7608e5ebf610a,application/aif+cbor
3e50e8bff007c389e7cfb6a9bfb6a403,application/aif+json
542d3e81676b67a27bb9b8ca47d47003,application/andrew-inset
f33efd5adcbbae9d7c1b983813ec0979,application/applefile
24ac9b61819873e24bd87b24f0bc007f,application/atomicmail
27ac66e65dcbfeb0349c156265980fd8,application/batch-SMTP
18d47b469c54e8e163e9ef342d38e904,application/cmw+cbor
4021ee7a8d0ede8196fce8657c4ced1e,application/cmw+cose
76a1ce32ad6b1d71ea61fb836526b75a,application/cmw+json
bfb11e15d29912e903b4b6b1efb3c538,application/cmw+jws
36d0220e4f594459f563199383bc8a37,application/commonground
5149f2de9983a769dbf20efb23de7dda,application/csta+xml
cefb75b21dc434928a52718bd760e8a0,application/cybercash
1eb0cf21dcd0f84f0aa1e618fb21b985,application/dca-rft
1eb0cf21dcd0f84f0aa1e618fb21b985,application/dec-dx
346faeab786045796e7383029d91c787,application/eat+cwt
4631c404bc1f165aee4ba39a4b1a3744,application/eat+jwt
16fd05621e7eeb4df82a629d426080ce,application/eat-bun+cbor
1f410b5a5161f019ee078f4969498c0f,application/eat-bun+json
ce9cb292fa30ec0635463da941a58130,application/eat-ucs+cbor
bff6987333e0f8cac7596db8e8f4ae0d,application/eat-ucs+json
e6969ee0eb5a0f3c035718209a1a4e63,application/eshop
c34d60887e693f082a623ea73a89a149,application/geofeed+csv
ffa1146ad2dda7772432de125a97ae3e,application/iges
81140b4ba825f83465cfa061c98ee650,application/index
814bd821f0e8440640cb72e5c697a8fd,application/index.cmd
621db0a89e1671fa1281abaa6a6e6f05,application/index.obj
ba8762a814e52416469cdd111abe27ee,application/index.response
09fb1b6ff9b058c711bcc2891f447fd6,application/index.vnd
7ada23df633626ba8d38c6a6443db731,application/kpml-request+xml
f56c4ca21b1e04751bd86c71616353f3,application/kpml-response+xml
f33efd5adcbbae9d7c1b983813ec0979,application/mac-binhex40
5b3a5d95d8162b4c128ad6334bcedf7d,application/macwriteii
6a5ae6e1b0fe33c11a2b09b16b91e784,application/measured-component+cbor
78c3ba5274e3a056cf03f889ccdfc400,application/measured-component+json
bf445e50e59342972030cbcb4cc0d486,application/mediaservercontrol+xml
81dfb1084b893d3b80a3f19794e48501,application/mikey
bf103b303067bcb7b12efed68a86d9cf,application/moss-keys
8be62b3b5e64e4a5aabcfa0ade82febc,application/moss-signature
2f031a7c49dfb4f552e8c475f6047af9,application/mosskey-data
c712948743ca5bc92b26a4fefb35a1fd,application/mosskey-request
4e271ce69f8795971db8af78c529883a,application/msword
ff8691abae4ad6f0df125783e7b7b134,application/nasdata
69f2e4530eeab47bad83f2f6526b9060,application/news-checkgroups
d6f2d9813beb70d16e8649e971802755,application/news-groupinfo
a03f87fafc116ea30f48639988da97ab,application/news-transmission
8e455b19bf19d160a2272a9e33022198,application/nlsml+xml
bed40960f785d87886fd3cc3870be9e6,application/octet-stream
e54cb0fabb44912191d3d3964e197188,application/poc-settings+xml
a803fcf828b14772c36278b5be7d771c,application/postscript
1f588c108ba4b1d634a60e9975cf459a,application/rdap+json
5985cd381e52bd74ba47f4e18297451e,application/remote-printing
e5c595a2cc2e4a9a17b2d1dd1d7444aa,application/riscos
4d3a9c10e17a1f32450d2ee3b3b1a5c8,application/sbml+xml
bf9df45e5c96d22593356b4085bca3f8,application/set-payment
cc67a6362cb28b9b3b016b1f9cd5cf9d,application/set-payment-initiation
fce73efb9629a7d8589f8652a214c99f,application/set-registration
c27afcf94b1031f10d516a97c314489a,application/set-registration-initiation
9b47c0dbfcd444d50ec425f8b74a0e12,application/sgml-open-catalog
5b13f20a2f5a7440f44fc3e5ef480930,application/slate
e7652ebebf01a89b6adf65bcbc92ec05,application/suit-report+cose
62c79d5bddf2265c1afedf26242041e3,application/vemmi
adde33e0a65e6abf71c3eb8f42bcf161,application/vnd.adobe.partial-upload
0f1a43423d3cb76f5a670d26b987db1f,application/vnd.framemaker
082e10ae62fd5c0b3ce6096a53d7a8b8,application/vnd.hp-HPGL
34b2adf5306fa1b63fb0b8544c8e6be5,application/vnd.hp-PCL
7cd704e9256622064c7e61bb16ceecc8,application/vnd.hp-PCLXL
afaa4d8961e830344a6776c1a35ecba7,application/vnd.intertrust.digibox
de60da9534b6e94d0ed8573192d811e6,application/vnd.intertrust.nncp
5fc4510e792c8a19d27f6021533d966f,application/vnd.japannet-directory-service
57a8f6546e5b052252ae7e732f897309,application/vnd.japannet-payment-wakeup
57a8f6546e5b052252ae7e732f897309,application/vnd.japannet-registration-wakeup
57a8f6546e5b052252ae7e732f897309,application/vnd.japannet-verification-wakeup
143742f4e38ec751607e596bc677f7ff,application/vnd.meridian-slingshot
fe7dac2530c5fbf1a42a228a4490184b,application/vnd.mif
5bc1ffca78d0078db95e72d865352dda,application/vnd.minisoft-hp3000-save
4fba81fb6542aa5beae5b4d8a6c6155d,application/vnd.ms-excel
a0098f2695296ac81eb57de8c9ccf40f,application/vnd.ms-powerpoint
c35e6c2e8efae00251025bfe2ff1bd46,application/vnd.ms-project
db5e9b11b50897317aca08c90f7e181a,application/vnd.ms-tnef
db5e9b11b50897317aca08c90f7e181a,application/vnd.ms-works
0bb2401faca13e7ad5eb4a583a44bca5,application/vnd.music-niff
16c0a700af83e102bfa46c2014cbbc7f,application/vnd.pwg-multiplexed
1d506f2e0192a7132935cc265d1a5767,application/vnd.rapid
abb37add05ad5e6a9241d5a312becd15,application/vnd.street-stream
ad4deae1f14ab0a1a5522613a40f7e90,application/vnd.svd
872b5df053e2646c5184138cc79c616b,application/vnd.swiftview-ics
c9ddcb3638edef0a82107869ebd5bab0,application/vnd.truedoc
01dc2cb4a7eca5ac9f4c8430fdc765ae,application/vnd.wrq-hp3000-labelled
a9c1006895abc61674d87c71bb066c82,application/whoispp-query
ae4a4b5077c4e14ce5eb66679bcfd9cc,application/whoispp-response
1eb0cf21dcd0f84f0aa1e618fb21b985,application/wita
1c9fca46f05304519fce4691d00c7fa5,application/wordperfect5.1
8ff91dbdcaadff0fced79cbef09ad537,application/x400-bp
7b10896e9cc21f381b84ab0782d9f294,audio/BV16
de01023279969e784c89bbdec71760e2,audio/BV32
4c74967479b2e71a82e715cad42e971a,audio/TETRA_ACELP
b05b750a362cf4fa199fe30b04aee809,audio/ac3
acf052500b154cdf1eba44a9cc43dd08,audio/amr-wb+
9c2ed383806d4fea55e363e52591e4fa,audio/basic
bf1f501392e1481504d317200d59c8ef,audio/dsr-es201108
269aff0826f09d8886d74ee788aef790,audio/dsr-es202050
269aff0826f09d8886d74ee788aef790,audio/dsr-es202211
269aff0826f09d8886d74ee788aef790,audio/dsr-es202212
904a3e1c7815dec3c24d659ca917ae8d,audio/eac3
27f87d963a3ba3880460bff97f2ea6ec,audio/opus
5bd66ab93df27ecb4ed58286e47ef2a7,audio/vnd.dra
f48a015f39f2e6e69f55309c9603c407,image/cgm
a78e609c9a42b6f331fedea2405c6437,image/g3fax
7c986ca604f06442ff496db747cd0f1d,image/naplps
4e0846ae9917309f034305f932dbdd3e,image/vnd.svf
81d82827925a802eb3d5c21ae7f44172,message/CPIM
6c431224d6ca8366d6b87c712f863b21,message/delivery-status
09bd421c34b947a73edae9d752006365,message/news
dc76f4a3ed142cb0d23b533511cc02d8,message/s-http
110a34eb78139da2d2da988c51dee5a6,message/sip
eaab6b7b90eaaf426d494ffac051f3b7,message/sipfrag
c8f97c7230ed5931f305cad3f5ad7e94,message/tracking-status
f309021231cef76c4d737bde3471dd35,model/e57
f3983af275f7e295e5c80cea6e23bf13,model/iges
ac9d8fa62a2235c8386377d04ebdda2a,multipart/appledouble
2d8d50a23145fec5976904d284e53c0d,multipart/encrypted
2d6a172aa7e068e84374e0ab3e0539c4,multipart/header-set
7aade8b4c695030fd0a53da3464b5db3,multipart/related
3b2b23d031df005409d21f9d5a873d74,multipart/signed
f41e28179ec55cf77a700609fcd33a48,text/SGML
b771a5b386b62db5af9cf3764abb549b,text/grammar-ref-list
7be2577fc8b70c153e04845dc37f6a38,text/rtf
281ddd5fa44b2242804cc3e9279f866f,text/tab-separated-values
c0a3bbff0cda108fe248f095e325e180,text/vnd.latex-z
d9c2d9bd3b19ea148149fa784c558a65,video/jpeg2000
e6727017a0483e3e75882ed6820a6eb8,video/quicktime
01d7a536e14bccc75195a17d72fa5f4f,video/vnd.motorola.video
01d7a536e14bccc75195a17d72fa5f4f,video/vnd.motorola.videop
d8cb4c6a4ccc7f42c7382cae50244357,video/vnd.vivo
