BLAKE2b Checksum,Media Type,Comment
f8c619d6e6d2301854d548724e86ecc6,application/activemessage
542d3e81676b67a27bb9b8ca47d47003,application/andrew-inset
f33efd5adcbbae9d7c1b983813ec0979,application/applefile
24ac9b61819873e24bd87b24f0bc007f,application/atomicmail
27ac66e65dcbfeb0349c156265980fd8,application/batch-SMTP
2dc257098baa337323e49a32db25e20e,application/CALS-1840
36d0220e4f594459f563199383bc8a37,application/commonground
cefb75b21dc434928a52718bd760e8a0,application/cybercash
1eb0cf21dcd0f84f0aa1e618fb21b985,application/dca-rft
1eb0cf21dcd0f84f0aa1e618fb21b985,application/dec-dx
0e3c511af85f20d0ec792221ff11d221,application/EDI-consent
e2eede0d89a6dc07ef31022843f7925d,application/EDI-X12
e79d2bf1aeaaad875d00755e7bd1bafa,application/EDIFACT
75383d3ce85fef92f2d8b5b4ac629e84,application/efi
e6969ee0eb5a0f3c035718209a1a4e63,application/eshop
d03e3aedf30adcb64cf46e70af70212d,application/hyperstudio
ffa1146ad2dda7772432de125a97ae3e,application/iges
eb0cd30490bf343dc7752a01a2ceceb7,application/ISUP
f33efd5adcbbae9d7c1b983813ec0979,application/mac-binhex40
5b3a5d95d8162b4c128ad6334bcedf7d,application/macwriteii
940acb31a2a8ce521aaff1403fb84ed4,application/marc
81dfb1084b893d3b80a3f19794e48501,application/mikey
bf103b303067bcb7b12efed68a86d9cf,application/moss-keys
8be62b3b5e64e4a5aabcfa0ade82febc,application/moss-signature
2f031a7c49dfb4f552e8c475f6047af9,application/mosskey-data
c712948743ca5bc92b26a4fefb35a1fd,application/mosskey-request
4e271ce69f8795971db8af78c529883a,application/msword
ff8691abae4ad6f0df125783e7b7b134,application/nasdata
8e455b19bf19d160a2272a9e33022198,application/nlsml+xml,This media type is expected to be used only in conjunction with MRCPv2
bed40960f785d87886fd3cc3870be9e6,application/octet-stream
1982800863a835de5e22377890d47a3d,application/ODA
a803fcf828b14772c36278b5be7d771c,application/postscript
e7a2297bc4b877fbf110eb86aec39c10,application/prs.bwtc32key,N/A
130792341365c4c978138e4b00e438a1,application/QSIG
e5c595a2cc2e4a9a17b2d1dd1d7444aa,application/riscos
bf9df45e5c96d22593356b4085bca3f8,application/set-payment
cc67a6362cb28b9b3b016b1f9cd5cf9d,application/set-payment-initiation
fce73efb9629a7d8589f8652a214c99f,application/set-registration
c27afcf94b1031f10d516a97c314489a,application/set-registration-initiation
31f96158e37a374846e075beb3756b0e,application/SGML
29caaf2db2f506fecac1f032b38e5d85,application/simple-message-summary
5b13f20a2f5a7440f44fc3e5ef480930,application/slate
eabaf00edab28941d2fcb1abd113ef22,application/tei+xml
710bb803ab58fd9a59e6439303d7ffb1,application/timestamp-query
710bb803ab58fd9a59e6439303d7ffb1,application/timestamp-reply
7bbe655755e0fd8673dac4ca0ccb40e0,application/trickle-ice-sdpfrag,Trickle-ICE for SIP as specified in RFC 8840
62c79d5bddf2265c1afedf26242041e3,application/vemmi
642eb9f77890930858c2d11d3c64fd0c,application/vnd.businessobjects
0f1a43423d3cb76f5a670d26b987db1f,application/vnd.framemaker
082e10ae62fd5c0b3ce6096a53d7a8b8,application/vnd.hp-HPGL
34b2adf5306fa1b63fb0b8544c8e6be5,application/vnd.hp-PCL
7cd704e9256622064c7e61bb16ceecc8,application/vnd.hp-PCLXL
afaa4d8961e830344a6776c1a35ecba7,application/vnd.intertrust.digibox
de60da9534b6e94d0ed8573192d811e6,application/vnd.intertrust.nncp
19c2ced9fdce373c8866b03deed9a385,application/vnd.iptc.g2.conceptitem+xml
d20d5ccd21063af9fe168764df411996,application/vnd.iptc.g2.knowledgeitem+xml
c86445d98a28abf6cd76d5358b2cf03b,application/vnd.iptc.g2.newsitem+xml
47e44b936cf1cfa8f710c2e94c6074f6,application/vnd.iptc.g2.newsmessage+xml
445a7b3c94020e5909b113634a538bbc,application/vnd.iptc.g2.packageitem+xml
a9b2d778dd98bf5e9c3e6e5eedff0fa6,application/vnd.iptc.g2.planningitem+xml
5fc4510e792c8a19d27f6021533d966f,application/vnd.japannet-directory-service
57a8f6546e5b052252ae7e732f897309,application/vnd.japannet-payment-wakeup
57a8f6546e5b052252ae7e732f897309,application/vnd.japannet-registration-wakeup
57a8f6546e5b052252ae7e732f897309,application/vnd.japannet-verification-wakeup
fc0e3c5579a957113d8e2c32f4641678,application/vnd.koan
143742f4e38ec751607e596bc677f7ff,application/vnd.meridian-slingshot
fe7dac2530c5fbf1a42a228a4490184b,application/vnd.mif
5bc1ffca78d0078db95e72d865352dda,application/vnd.minisoft-hp3000-save
8dd0f255ecfc923256eeb477aa23b62c,application/vnd.ms-artgalry
313e5c25721d90c229174ed0bbab1265,application/vnd.ms-asf
4fba81fb6542aa5beae5b4d8a6c6155d,application/vnd.ms-excel
13be1af1140af6fb11591b541a70a6d8,application/vnd.ms-lrm
a0098f2695296ac81eb57de8c9ccf40f,application/vnd.ms-powerpoint
c35e6c2e8efae00251025bfe2ff1bd46,application/vnd.ms-project
db5e9b11b50897317aca08c90f7e181a,application/vnd.ms-tnef
db5e9b11b50897317aca08c90f7e181a,application/vnd.ms-works
0bb2401faca13e7ad5eb4a583a44bca5,application/vnd.music-niff
7030fa7ed25ce5e6a5d95dca5de67139,application/vnd.musician
aba1628a0495c7794cdec0c336de5795,application/vnd.osa.netdeploy
497059c6e2af0f2a73c01430cd50b8e5,application/vnd.previewsystems.box
16c0a700af83e102bfa46c2014cbbc7f,application/vnd.pwg-multiplexed
1d506f2e0192a7132935cc265d1a5767,application/vnd.rapid
2cd7df57c8a3af7d6c456e83df3987d5,application/vnd.seemail
9c5eb0b5436c5375ef61aed2464662ee,application/vnd.shana.informed.formdata
d769d3a930d78b8a68e12ae169851b29,application/vnd.shana.informed.formtemplate
83893eafd88a1f4a1c66bb4097253bfa,application/vnd.shana.informed.interchange
68519727737c4291b30270ac1b8000da,application/vnd.shana.informed.package
abb37add05ad5e6a9241d5a312becd15,application/vnd.street-stream
ad4deae1f14ab0a1a5522613a40f7e90,application/vnd.svd
872b5df053e2646c5184138cc79c616b,application/vnd.swiftview-ics
c9ddcb3638edef0a82107869ebd5bab0,application/vnd.truedoc
b6a135c41ed6bd61b16fd54b6944a049,application/vnd.webturbo
01dc2cb4a7eca5ac9f4c8430fdc765ae,application/vnd.wrq-hp3000-labelled
f4ec1b217adf37e9136c53b03d5dfd7d,application/vnd.yellowriver-custom-menu
1eb0cf21dcd0f84f0aa1e618fb21b985,application/wita
1c9fca46f05304519fce4691d00c7fa5,application/wordperfect5.1
8ff91dbdcaadff0fced79cbef09ad537,application/x400-bp
4f37a782766e5b595d0c25cc8b7611cc,application/zip
9c2ed383806d4fea55e363e52591e4fa,audio/basic
65a86c44bfdaa95f9adf8a269c9d49aa,haptics/hjif
47083033fb43eb92474bf3770854aec9,haptics/hmpg
d23bf0925b1f439e3f3e32c9c72a1fab,haptics/ivs
f48a015f39f2e6e69f55309c9603c407,image/cgm
a78e609c9a42b6f331fedea2405c6437,image/g3fax
7c986ca604f06442ff496db747cd0f1d,image/naplps
b365ddd9ae2206d6e58eb8bc94a332b3,image/vnd.dwg
2cce903733573c528973493bb5bbe20f,image/vnd.dxf
4e0846ae9917309f034305f932dbdd3e,image/vnd.svf
6c431224d6ca8366d6b87c712f863b21,message/delivery-status
110a34eb78139da2d2da988c51dee5a6,message/sip
eaab6b7b90eaaf426d494ffac051f3b7,message/sipfrag
c8f97c7230ed5931f305cad3f5ad7e94,message/tracking-status
f309021231cef76c4d737bde3471dd35,model/e57
f3983af275f7e295e5c80cea6e23bf13,model/iges
ac9d8fa62a2235c8386377d04ebdda2a,multipart/appledouble
2d8d50a23145fec5976904d284e53c0d,multipart/encrypted
2d6a172aa7e068e84374e0ab3e0539c4,multipart/header-set
7aade8b4c695030fd0a53da3464b5db3,multipart/related
3b2b23d031df005409d21f9d5a873d74,multipart/signed
b771a5b386b62db5af9cf3764abb549b,text/grammar-ref-list,This media type is expected to be used only in conjunction with MRCPv2
7be2577fc8b70c153e04845dc37f6a38,text/rtf
f41e28179ec55cf77a700609fcd33a48,text/SGML
281ddd5fa44b2242804cc3e9279f866f,text/tab-separated-values
c0a3bbff0cda108fe248f095e325e180,text/vnd.latex-z
196b7e6bc01d7b9186ad8be8c96f8b32,text/vnd.ms-mediapackage
e6727017a0483e3e75882ed6820a6eb8,video/quicktime
01d7a536e14bccc75195a17d72fa5f4f,video/vnd.motorola.video
01d7a536e14bccc75195a17d72fa5f4f,video/vnd.motorola.videop
d8cb4c6a4ccc7f42c7382cae50244357,video/vnd.vivo
